N,lower_bound,witness_file,points_sha256,min_margin_squared_numerator,method,source_author,source_url
1,1,data/witnesses/n001_1.json,b0d317a3ada5818326ed8cf9a2c369a0833045f2d94f5144cd19ddd7bf978738,4,forum_witness_reverified,BorisAlexeev,https://www.erdosproblems.com/forum/thread/352
2,4,data/witnesses/n002_4.json,8256e50dea4d27227d210c2c654309264e7d8adec5ba58eb1a211d412b8b0651,1,forum_witness_reverified,BorisAlexeev,https://www.erdosproblems.com/forum/thread/352
3,4,data/witnesses/n003_4.json,dd71d5811bcdfee10960ef92415bbe03109ef6c0558058fe4e8f1320890c9e62,5,forum_witness_reverified,BorisAlexeev,https://www.erdosproblems.com/forum/thread/352
4,7,data/witnesses/n004_7.json,ec86570c3f231dfd01ee16d3033d210a02fabbb0bfffab386f12e9a16bd319b3,4,forum_witness_reverified,BorisAlexeev,https://www.erdosproblems.com/forum/thread/352
5,9,data/witnesses/n005_9.json,3710dd07e7a7c06f4c4789f16f9ebcf921f5ab501ed0957baa135ad596c3f50c,4,forum_witness_reverified,BorisAlexeev,https://www.erdosproblems.com/forum/thread/352
6,10,data/witnesses/n006_10.json,bb5d04cfcd90c164b8a45646a0a3e3f0a251182d4976f6b407fc3485341abef1,9,forum_witness_reverified,BorisAlexeev,https://www.erdosproblems.com/forum/thread/352
7,12,data/witnesses/n007_12.json,9dc87041e867daa2ed3560ba7e3578301ea5f957f605b4c133826928dd4d30ce,12,forum_witness_reverified,BorisAlexeev,https://www.erdosproblems.com/forum/thread/352
8,14,data/witnesses/n008_14.json,980111f03ccf4fd1ac79c6ce8df4d664fe35fedffdea26f1a8f7adc842b80f0b,24,forum_witness_reverified,BorisAlexeev,https://www.erdosproblems.com/forum/thread/352
9,16,data/witnesses/n009_16.json,3bfcd956c3e81b9c16b935fe10e3565779549135591ca2b6f98c83f62a8a12e4,29,forum_witness_reverified,BorisAlexeev,https://www.erdosproblems.com/forum/thread/352
10,18,data/witnesses/n010_18.json,68e079df912fc7866a5bc5a658d19be8a28ee44baffee673dd063109883225e9,13,forum_witness_reverified,BorisAlexeev,https://www.erdosproblems.com/forum/thread/352
11,21,data/witnesses/n011_21.json,700b133d9bc2529638abd9db129c69a9a9281b3e9aa11649daa1cb09e5d46d8d,28,forum_witness_reverified,BorisAlexeev,https://www.erdosproblems.com/forum/thread/352
12,23,data/witnesses/n012_23.json,4f4a74e71527637b87ad25277fc425896df3aef281b20429b730ffd9cf637ac7,9,forum_witness_reverified,BorisAlexeev,https://www.erdosproblems.com/forum/thread/352
13,24,data/witnesses/n013_24.json,629a7896338dca1911f7cbf86ff279b595931ea2e7978d6564329f55ef247907,5,forum_witness_reverified,BorisAlexeev,https://www.erdosproblems.com/forum/thread/352
14,26,data/witnesses/n014_26.json,d62d0477018e9cff1f953f642c669ec8e5280a6c87b52a69fc9db1f67ba6632f,16,forum_witness_reverified,BorisAlexeev,https://www.erdosproblems.com/forum/thread/352
15,28,data/witnesses/n015_28.json,ea20fca0fb2e89f31d5d044c28b87c49951e02d93d3809b34249db3761903160,17,forum_witness_reverified,BorisAlexeev,https://www.erdosproblems.com/forum/thread/352
16,32,data/witnesses/n016_32.json,5c543f4cdc0ff65539ce703e7b479baf312f8b443f38cf1c8f81cd6be86b3d99,16,forum_witness_reverified,BorisAlexeev,https://www.erdosproblems.com/forum/thread/352
17,32,data/witnesses/n017_32.json,d990dc0cc3a4dcdff1bf28adc3f5fba032cde647f940981e7a7a10f7810f2a39,5,forum_witness_reverified,BorisAlexeev,https://www.erdosproblems.com/forum/thread/352
18,34,data/witnesses/n018_34.json,a99d87d1774eecb35c358a056a6cb1c233e54c3ff65141b1cae600d155ce1bf9,21,forum_witness_reverified,BorisAlexeev,https://www.erdosproblems.com/forum/thread/352
19,38,data/witnesses/n019_38.json,a9b18dac9346f907dde492bac513b8292b3397e633d1e2483001604f3778968b,5,forum_witness_reverified,BorisAlexeev,https://www.erdosproblems.com/forum/thread/352
20,39,data/witnesses/n020_39.json,3d6dd7bb906fe6a6f8c1e2d9ba79566b0eaaeac780d0e5af2260cf597050198a,21,forum_witness_reverified,BorisAlexeev,https://www.erdosproblems.com/forum/thread/352
21,41,data/witnesses/n021_41.json,471accfaed1d71f8102fed8055bd3b5f31f487acdfd7d64c68bb002c5b351a95,5,forum_witness_reverified,BorisAlexeev,https://www.erdosproblems.com/forum/thread/352
22,44,data/witnesses/n022_44.json,c58628d90ce038f181248cae108bfee7e199122958629284e8aed17b1ac2f1ca,32,forum_witness_reverified,BorisAlexeev,https://www.erdosproblems.com/forum/thread/352
23,45,data/witnesses/n023_45.json,550732380cedbbb007ca37da695a77c0da7aaa31d87e15a0c8d75855a33807fb,56,forum_witness_reverified,BorisAlexeev,https://www.erdosproblems.com/forum/thread/352
24,48,data/witnesses/n024_48.json,571adfd643a238c11e9261d81ef9c7b5732e85a9806352804138785858e77249,25,forum_witness_reverified,BorisAlexeev,https://www.erdosproblems.com/forum/thread/352
25,52,data/witnesses/n025_52.json,f6fb2cd93d56b4490532c63a1a174119c090321c6746b17d8748b3c12c2c9a24,25,forum_witness_reverified,BorisAlexeev,https://www.erdosproblems.com/forum/thread/352
26,52,data/witnesses/n026_52.json,b1cb2421471e2e832335e20db20a5f6013b0c2e0db54a844475e5a0f3cc1b70c,12,forum_witness_reverified,BorisAlexeev,https://www.erdosproblems.com/forum/thread/352
27,54,data/witnesses/n027_54.json,9f9a30594b8a4f8e975307009dbcdca415f34274d83ca6f923b7ac40bd8390b3,25,forum_witness_reverified,BorisAlexeev,https://www.erdosproblems.com/forum/thread/352
28,56,data/witnesses/n028_56.json,9e31b927a44dff2da45b1cbc8dad4f8a412ab3b65237a582fd94810b6030d93b,44,v4,,
29,60,data/witnesses/n029_60.json,1a27d2aee9a3e96f63456988ad5ebe3c5bef0375258fce89840b07063deb55ac,12,v4,,
30,61,data/witnesses/n030_61.json,1d34c3c76c8786d6137a7bca2f81ce5f4bc6b41d5bee5ac84149aeb8a89eee87,13,v5,,
31,63,data/witnesses/n031_63.json,19377bddc47832c3a23f20a4605c1c7b84f66e5aed1ec0fb29b7a075589f8ef5,29,v4,,
32,65,data/witnesses/n032_65.json,673ea0c774958447200db9c04d5b123f4aebaca9d40234c725f4596ff9c2b886,45,v4,,
33,69,data/witnesses/n033_69.json,7b6df194281b535307c9830dd1a8180d7b331c6f0eb48e17593ce67fcd6b767c,36,v4,,
34,69,data/witnesses/n034_69.json,7b6df194281b535307c9830dd1a8180d7b331c6f0eb48e17593ce67fcd6b767c,112,v4,,
35,72,data/witnesses/n035_72.json,c645419fff8497e063176f9339b542248a722a2a589c39a831a92f8c537d4674,29,v5,,
36,74,data/witnesses/n036_74.json,665d5158170421b34fc58329c272f37824b063d01f03ffbd8845b79b27dc41d5,28,v4,,
37,76,data/witnesses/n037_76.json,b035e52d95cc276be638746363aabb720cede793a8a90364cf9c8391adbc0d80,76,v5,,
38,78,data/witnesses/n038_78.json,db97f00805d6a3b03395a4627e393322106e3d9d19d15f3b37e215da693875bf,60,v4,,
39,80,data/witnesses/n039_80.json,a4f04bde669a0ef04522a61514bb7206fb1ff1fd97f5ee1132dfaaec5b375702,36,v5,,
40,82,data/witnesses/n040_82.json,265c148ee5bac5840c1368cca0d4be04865d9d672e1ee3df889b044945494f11,72,v4,,
